<?xml version="1.0" encoding="UTF-8"?><rss version="2.0"
	xmlns:content="http://purl.org/rss/1.0/modules/content/"
	xmlns:wfw="http://wellformedweb.org/CommentAPI/"
	xmlns:dc="http://purl.org/dc/elements/1.1/"
	xmlns:atom="http://www.w3.org/2005/Atom"
	xmlns:sy="http://purl.org/rss/1.0/modules/syndication/"
	xmlns:slash="http://purl.org/rss/1.0/modules/slash/"
	>

<channel>
	<title>Uncategorized &#8211; KVNFC</title>
	<atom:link href="/product-category/uncategorized/feed/" rel="self" type="application/rss+xml" />
	<link>/</link>
	<description>STORE</description>
	<lastBuildDate>Thu, 28 Jul 2022 12:56:13 +0000</lastBuildDate>
	<language>en-US</language>
	<sy:updatePeriod>
	hourly	</sy:updatePeriod>
	<sy:updateFrequency>
	1	</sy:updateFrequency>
	<generator>https://wordpress.org/?v=6.0.1</generator>
	<item>
		<title>Twin connector wire</title>
		<link>/product/twin-connector-wire/</link>
					<comments>/product/twin-connector-wire/#respond</comments>
		
		<dc:creator><![CDATA[PAPPU]]></dc:creator>
		<pubDate>Thu, 28 Jul 2022 12:54:44 +0000</pubDate>
				<guid isPermaLink="false">/?post_type=product&#038;p=1037</guid>

					<description><![CDATA[]]></description>
										<content:encoded><![CDATA[]]></content:encoded>
					
					<wfw:commentRss>/product/twin-connector-wire/feed/</wfw:commentRss>
			<slash:comments>0</slash:comments>
		
		
			</item>
		<item>
		<title>Button cell holder</title>
		<link>/product/button-cell-holder/</link>
					<comments>/product/button-cell-holder/#respond</comments>
		
		<dc:creator><![CDATA[PAPPU]]></dc:creator>
		<pubDate>Thu, 28 Jul 2022 12:53:59 +0000</pubDate>
				<guid isPermaLink="false">/?post_type=product&#038;p=1034</guid>

					<description><![CDATA[]]></description>
										<content:encoded><![CDATA[]]></content:encoded>
					
					<wfw:commentRss>/product/button-cell-holder/feed/</wfw:commentRss>
			<slash:comments>0</slash:comments>
		
		
			</item>
		<item>
		<title>HW 9V Battery</title>
		<link>/product/hw-9v-battery/</link>
					<comments>/product/hw-9v-battery/#respond</comments>
		
		<dc:creator><![CDATA[PAPPU]]></dc:creator>
		<pubDate>Thu, 28 Jul 2022 12:52:57 +0000</pubDate>
				<guid isPermaLink="false">/?post_type=product&#038;p=1032</guid>

					<description><![CDATA[]]></description>
										<content:encoded><![CDATA[]]></content:encoded>
					
					<wfw:commentRss>/product/hw-9v-battery/feed/</wfw:commentRss>
			<slash:comments>0</slash:comments>
		
		
			</item>
		<item>
		<title>Bulb holder</title>
		<link>/product/bulb-holder/</link>
					<comments>/product/bulb-holder/#respond</comments>
		
		<dc:creator><![CDATA[PAPPU]]></dc:creator>
		<pubDate>Thu, 28 Jul 2022 12:52:08 +0000</pubDate>
				<guid isPermaLink="false">/?post_type=product&#038;p=1030</guid>

					<description><![CDATA[]]></description>
										<content:encoded><![CDATA[]]></content:encoded>
					
					<wfw:commentRss>/product/bulb-holder/feed/</wfw:commentRss>
			<slash:comments>0</slash:comments>
		
		
			</item>
		<item>
		<title>2 Cell holder</title>
		<link>/product/2-cell-holder/</link>
					<comments>/product/2-cell-holder/#respond</comments>
		
		<dc:creator><![CDATA[PAPPU]]></dc:creator>
		<pubDate>Thu, 28 Jul 2022 12:51:16 +0000</pubDate>
				<guid isPermaLink="false">/?post_type=product&#038;p=1028</guid>

					<description><![CDATA[]]></description>
										<content:encoded><![CDATA[]]></content:encoded>
					
					<wfw:commentRss>/product/2-cell-holder/feed/</wfw:commentRss>
			<slash:comments>0</slash:comments>
		
		
			</item>
		<item>
		<title>4 Cell holder</title>
		<link>/product/4-cell-holder/</link>
					<comments>/product/4-cell-holder/#respond</comments>
		
		<dc:creator><![CDATA[PAPPU]]></dc:creator>
		<pubDate>Thu, 28 Jul 2022 12:50:33 +0000</pubDate>
				<guid isPermaLink="false">/?post_type=product&#038;p=1026</guid>

					<description><![CDATA[]]></description>
										<content:encoded><![CDATA[]]></content:encoded>
					
					<wfw:commentRss>/product/4-cell-holder/feed/</wfw:commentRss>
			<slash:comments>0</slash:comments>
		
		
			</item>
		<item>
		<title>9 Volts Battery Snap</title>
		<link>/product/9-volts-battery-snap/</link>
					<comments>/product/9-volts-battery-snap/#respond</comments>
		
		<dc:creator><![CDATA[PAPPU]]></dc:creator>
		<pubDate>Thu, 28 Jul 2022 12:46:44 +0000</pubDate>
				<guid isPermaLink="false">/?post_type=product&#038;p=1023</guid>

					<description><![CDATA[]]></description>
										<content:encoded><![CDATA[]]></content:encoded>
					
					<wfw:commentRss>/product/9-volts-battery-snap/feed/</wfw:commentRss>
			<slash:comments>0</slash:comments>
		
		
			</item>
	</channel>
</rss>
