<?xml version="1.0" encoding="UTF-8"?><rss version="2.0"
	xmlns:content="http://purl.org/rss/1.0/modules/content/"
	xmlns:dc="http://purl.org/dc/elements/1.1/"
	xmlns:atom="http://www.w3.org/2005/Atom"
	xmlns:sy="http://purl.org/rss/1.0/modules/syndication/"
	
	>
<channel>
	<title>
	Comments on: Twin connector wire	</title>
	<atom:link href="/product/twin-connector-wire/feed/" rel="self" type="application/rss+xml" />
	<link>/product/twin-connector-wire/</link>
	<description>STORE</description>
	<lastBuildDate>Thu, 28 Jul 2022 12:56:13 +0000</lastBuildDate>
	<sy:updatePeriod>
	hourly	</sy:updatePeriod>
	<sy:updateFrequency>
	1	</sy:updateFrequency>
	<generator>https://wordpress.org/?v=6.0.1</generator>
</channel>
</rss>
